hqt_cd,loc_cd,wq_dt,adm_cd,temper,rainfall_qy,wtemper_tp,u_bod_co,u_cod_co,u_ss_co,u_tn_co,u_tp_co,u_bac_co,u_val_qy,b_bod_num,b_cod_num,b_ss_num,b_tn_num,b_tp_num,b_bac_num,b_val_qy
91,40001,202002011000,400,2.6,0,13.7,269.000,139.200,125.000,51.210,5.901,98000.000,2174.000,1.400,6.800,1.800,7.073,0.058,5.000,1774.000
91,40001,202002021000,400,1.5,0,13.6,377.000,147.100,270.000,75.016,8.417,36000.000,2027.000,1.800,7.100,1.700,6.567,0.061,2.000,1669.000
91,40001,202002031000,400,-0.4,0,13.5,403.000,147.500,210.000,60.732,7.649,81000.000,2198.000,1.300,7.600,1.800,7.093,0.063,5.000,1819.000
91,40001,202002041000,400,-1.6,0,13.5,372.800,163.700,375.000,81.938,8.751,211000.000,2236.000,0.800,7.200,2.400,6.651,0.065,3.000,1869.000
91,40001,202002051000,400,-8.3,0,13.4,437.000,129.400,150.000,61.424,7.752,81000.000,2217.000,1.800,7.100,2.400,7.256,0.067,1.000,1803.000
91,40001,202002061000,400,-6.4,0,13.2,428.000,130.500,190.000,59.170,7.243,126000.000,2248.000,1.700,7.300,0.800,5.918,0.042,3.000,1848.000
91,40001,202002071000,400,-1.7,0,13,355.000,129.400,165.000,70.551,7.637,149000.000,2272.000,1.100,7.700,1.200,7.294,0.042,4.000,1880.000
91,40001,202002081000,400,-0.1,0,12.9,403.000,178.400,255.000,58.679,8.777,292000.000,2272.000,1.100,7.600,1.500,7.237,0.056,3.000,1922.000
91,40001,202002091000,400,-0.5,0,12.8,306.000,123.100,100.000,49.149,4.890,42000.000,2258.000,1.500,7.600,1.200,7.551,0.053,0.000,1866.000
91,40001,202002101000,400,4,0,12.7,443.000,152.500,350.000,59.769,7.026,82000.000,2206.000,1.300,7.500,1.300,8.362,0.058,1.000,1824.000
91,40001,202002111000,400,6.8,0,12.9,430.000,123.100,175.000,60.178,7.084,161000.000,2177.000,0.900,8.000,1.300,7.242,0.050,6.000,1800.000
91,40001,202002121000,400,7.4,10,13,468.000,150.500,255.000,63.139,8.450,129000.000,2381.000,0.700,7.700,1.800,7.054,0.056,4.000,2010.000
91,40001,202002131000,400,6.5,0,13.2,389.300,154.400,280.000,38.363,8.972,179000.000,2182.000,2.000,7.900,2.100,7.246,0.062,9.000,1750.000
91,40001,202002141000,400,8.1,0,13.4,444.000,183.800,300.000,69.290,9.855,140000.000,2199.000,1.900,8.300,2.100,7.345,0.070,3.000,1857.000
91,40001,202002151000,400,9.8,1,13.4,459.000,138.300,440.000,49.000,7.790,231000.000,2261.000,1.700,8.300,2.200,7.251,0.074,3.000,1885.000
91,40001,202002161000,400,-1.4,13.4,13.4,344.000,108.400,165.000,34.760,4.068,144000.000,2225.000,1.500,8.500,2.100,7.270,0.073,2.000,1838.000
91,40001,202002171000,400,-5.9,1,13.3,412.000,128.100,265.000,62.731,7.790,176000.000,2215.000,1.900,8.200,2.700,7.169,0.081,2.000,1855.000
91,40001,202002181000,400,-4.1,0,13.1,391.500,136.700,170.000,58.769,7.989,78000.000,2181.000,2.100,8.100,2.900,7.239,0.083,4.000,1814.000
91,40001,202002191000,400,1,0,13.1,427.000,114.300,185.000,53.961,6.656,131000.000,2194.000,1.600,7.700,2.200,6.950,0.080,9.000,1796.000
91,40001,202002201000,400,4.6,0,13.2,395.300,133.600,185.000,61.903,7.650,89000.000,2212.000,1.800,8.800,3.000,7.113,0.083,2.000,1794.000
91,40001,202002211000,400,6.7,1,13.4,440.000,153.900,230.000,64.025,8.525,296000.000,2322.000,2.000,8.100,3.200,6.694,0.077,25.000,1880.000
91,40001,202002221000,400,4,0,13.3,417.000,138.200,190.000,67.171,8.217,127000.000,2444.000,1.800,8.700,3.200,7.132,0.079,2.000,2049.000
91,40001,202002231000,400,2.5,0,13.4,371.000,143.700,125.000,65.636,6.921,130000.000,2377.000,1.800,8.400,3.100,7.944,0.079,2.000,1959.000
91,40001,202002241000,400,7,0,13.3,410.000,155.100,295.000,61.800,8.584,126000.000,2338.000,2.000,8.600,3.300,8.636,0.082,3.000,1915.000
91,40001,202002251000,400,6.7,47,13.4,362.000,111.000,205.000,38.097,4.925,299000.000,3021.000,1.700,8.400,3.600,8.480,0.089,35.000,2635.000
91,40001,202002261000,400,6.4,0,12.5,416.000,120.000,190.000,53.425,7.345,232000.000,2894.000,1.900,6.800,3.200,6.135,0.068,10.000,2577.000
91,40001,202002271000,400,6.1,0,13,409.000,133.000,286.700,53.226,6.986,153000.000,2680.000,1.500,7.300,2.900,6.880,0.076,1.000,2310.000
91,40001,202002281000,400,4.5,0,13.2,347.000,136.600,230.000,54.044,8.091,112000.000,2582.000,2.200,7.300,3.000,6.631,0.075,0.000,2188.000
91,40001,202002291000,400,7.7,0,13.2,425.000,126.500,195.000,43.521,6.034,108000.000,2638.000,2.100,7.800,3.400,6.951,0.082,7.000,2236.000
90,50001,202002010000,500,0.6,0,12.7,166.400,105.000,126.000,40.410,3.336,74000.000,6240.000,6.600,14.000,3.200,19.608,0.054,20.000,6365.000
90,50001,202002020000,500,0,0,12.5,160.800,100.000,134.000,43.350,3.684,75000.000,6629.000,6.300,12.700,2.800,19.920,0.058,15.000,6703.000
90,50001,202002030000,500,0.6,0,12.0,177.600,95.000,138.000,53.070,3.558,68000.000,6627.000,6.500,11.800,4.000,19.836,0.080,0.000,6502.000
90,50001,202002040000,500,-3.9,0,12.3,182.800,90.000,110.000,51.180,3.528,67000.000,6673.000,7.500,11.300,2.400,23.268,0.074,2.000,6611.000
90,50001,202002050000,500,-7.3,0,11.7,170.400,97.500,130.000,53.070,3.450,71000.000,6627.000,7.100,12.000,4.400,20.400,0.073,5.000,6456.000
90,50001,202002060000,500,-9.0,0,11.2,157.200,95.000,100.000,48.630,3.504,66000.000,7156.000,7.400,12.300,4.400,23.592,0.080,3.000,5554.000
90,50001,202002070000,500,-4.8,0,10.0,166.000,92.500,124.000,58.830,3.120,71000.000,6630.000,6.900,11.300,2.800,19.308,0.055,15.000,6068.000
90,50001,202002080000,500,0.1,0,10.3,173.600,94.000,130.000,55.980,3.474,81000.000,6582.000,6.700,12.000,3.200,23.928,0.058,29.000,6663.000
90,50001,202002090000,500,-4.0,0,11.2,178.000,97.500,128.000,56.100,3.558,71000.000,6538.000,6.300,11.000,2.800,24.048,0.052,8.000,6624.000
90,50001,202002100000,500,0.3,0,11.3,164.800,90.000,164.000,56.460,3.396,73000.000,6531.000,7.100,11.300,2.000,25.584,0.049,6.000,6508.000
90,50001,202002110000,500,1.6,0,11.0,150.400,95.000,102.000,48.360,3.480,67000.000,6580.000,7.300,10.800,3.200,26.592,0.049,4.000,6575.000
90,50001,202002120000,500,5.1,0,11.2,149.100,95.000,94.000,45.630,3.666,65000.000,7400.000,6.500,10.000,3.400,17.740,0.060,0.000,6392.000
90,50001,202002130000,500,7.7,0,12.4,136.500,92.500,156.000,46.950,3.966,67000.000,6530.000,6.600,9.500,2.800,21.324,0.047,10.000,6619.000
90,50001,202002140000,500,2.7,0,12.8,145.800,97.500,176.000,58.170,4.686,75000.000,6559.000,6.400,10.500,4.000,17.484,0.064,25.000,6563.000
90,50001,202002150000,500,5.3,0,13.0,140.400,95.000,154.000,49.680,4.596,64000.000,7484.000,6.000,11.800,3.600,16.740,0.059,33.000,6773.000
90,50001,202002160000,500,1.0,0,12.0,149.100,107.500,120.000,48.990,4.464,64000.000,7811.000,5.900,11.000,3.000,16.524,0.049,27.000,6591.000
90,50001,202002170000,500,-4.8,0,11.0,139.500,102.500,110.000,48.240,3.192,64000.000,6547.000,5.500,9.000,1.600,15.528,0.041,31.000,6544.000
90,50001,202002180000,500,-5.4,0,11.2,133.500,100.000,114.000,43.440,3.282,74000.000,7484.000,5.300,10.500,3.600,20.736,0.034,45.000,6773.000
90,50001,202002190000,500,-2.9,0,11.1,140.700,107.500,114.000,51.690,3.930,64000.000,6918.000,5.100,12.000,2.800,19.404,0.044,22.000,6989.000
90,50001,202002200000,500,0.6,0,11.5,132.600,97.500,96.000,43.200,3.012,72000.000,6860.000,5.000,11.500,5.200,18.168,0.037,10.000,6709.000
90,50001,202002210000,500,1.8,0,14.2,148.500,92.500,92.000,51.600,3.528,61000.000,7567.000,5.300,11.000,4.000,19.164,0.055,30.000,6560.000
90,50001,202002220000,500,5.0,0,13.0,162.800,105.000,104.000,52.080,3.558,64000.000,6782.000,4.900,12.000,3.600,19.008,0.049,15.000,6902.000
90,50001,202002230000,500,1.5,0,13.5,150.300,97.500,110.000,49.890,3.690,67000.000,6788.000,4.700,11.500,4.000,18.936,0.059,8.000,6792.000
90,50001,202002240000,500,3.2,0,13.2,167.200,95.000,182.000,59.820,5.142,74000.000,6891.000,4.900,10.300,4.000,18.600,0.061,11.000,6634.000
90,50001,202002250000,500,5.4,0,13.5,149.400,87.500,118.000,43.440,4.296,65000.000,9286.000,5.200,11.000,8.800,22.464,0.054,20.000,6249.000
90,50001,202002260000,500,2.4,0,13.3,133.500,85.000,100.000,37.740,4.134,68000.000,9544.000,4.600,8.200,3.600,8.868,0.034,25.000,6493.000
90,50001,202002270000,500,6.5,0,12.7,139.800,87.500,58.000,39.630,1.998,62000.000,7034.000,4.900,7.800,1.200,15.336,0.032,21.000,6688.000
90,50001,202002280000,500,2.3,0,11.5,127.800,92.500,92.000,36.780,2.304,70000.000,7123.000,5.300,8.000,2.000,19.932,0.043,18.000,6892.000
90,50001,202002290000,500,5.7,0,11.9,135.600,92.500,102.000,40.170,2.616,67000.000,6825.000,4.900,8.600,2.400,19.128,0.050,15.000,6931.000
90,50002,202002010000,500,0.6,0,11.6,149.200,92.500,158.000,37.410,3.708,82000.000,1368.000,1.200,6.800,1.400,13.416,0.012,6.000,1178.000
90,50002,202002020000,500,0,0,11.2,145.200,95.000,150.000,39.030,3.789,57000.000,1236.000,1.400,6.600,1.200,13.260,0.016,4.000,1074.000
90,50002,202002030000,500,0.6,0,11.1,152.400,92.500,136.000,36.810,3.672,50000.000,1283.000,1.300,7.200,1.400,12.564,0.007,0.000,1099.000
90,50002,202002040000,500,-3.9,0,10.7,147.000,87.500,98.000,33.480,3.588,57000.000,1202.000,1.500,6.800,1.200,12.828,0.012,1.000,977.000
90,50002,202002050000,500,-7.3,0,10.0,140.700,92.500,146.000,33.120,3.648,63000.000,1425.000,1.300,6.200,1.000,8.100,0.013,8.000,1215.000
90,50002,202002060000,500,-9.0,0,9.4,148.800,87.500,142.000,33.360,3.576,96000.000,1283.000,1.200,7.600,1.200,7.812,0.018,5.000,1097.000
90,50002,202002070000,500,-4.8,0,9.7,140.700,82.500,90.000,34.890,2.556,65000.000,1306.000,1.500,7.200,1.600,10.152,0.013,7.000,1122.000
90,50002,202002080000,500,0.1,0,9.5,136.800,85.000,100.000,32.940,3.114,75000.000,1369.000,1.400,6.800,1.400,9.732,0.017,16.000,1173.000
90,50002,202002090000,500,-4.0,0,9.5,130.800,87.500,112.000,33.390,3.234,72000.000,1452.000,1.300,7.000,1.200,9.144,0.016,10.000,1260.000
90,50002,202002100000,500,0.3,0,9.7,140.100,92.500,192.000,36.030,3.084,70000.000,1278.000,1.500,6.800,0.800,13.608,0.018,3.000,1066.000
90,50002,202002110000,500,1.6,0,10.9,137.700,90.000,138.000,33.510,3.216,66000.000,1240.000,1.300,6.400,1.200,14.676,0.022,0.000,1064.000
90,50002,202002120000,500,5.1,0,10.7,130.500,87.500,148.000,31.020,3.144,70000.000,1437.000,1.400,6.800,2.000,15.084,0.019,1.000,1250.000
90,50002,202002130000,500,7.7,0,10.2,125.700,95.000,216.000,29.910,3.222,63000.000,1403.000,1.200,7.200,1.800,13.416,0.013,5.000,1193.000
90,50002,202002140000,500,2.7,0,10.8,130.800,92.500,200.000,32.940,4.110,66000.000,1226.000,1.100,7.600,1.600,9.192,0.017,8.000,1032.000
90,50002,202002150000,500,5.3,0,10.5,129.600,90.000,160.000,30.750,4.038,62000.000,1161.000,1.300,8.200,1.200,8.616,0.013,10.000,1029.000
90,50002,202002160000,500,1.0,0,11.0,120.300,95.000,128.000,33.630,3.648,64000.000,1266.000,1.100,7.800,1.000,8.856,0.017,9.000,1055.000
90,50002,202002170000,500,-4.8,0,10.7,118.500,92.500,120.000,30.390,3.702,65000.000,1375.000,1.200,8.000,1.200,7.404,0.014,7.000,1195.000
90,50002,202002180000,500,-5.4,0,10.3,122.100,97.500,88.000,32.640,3.798,68000.000,1312.000,1.300,11.800,1.400,7.848,0.018,5.000,1122.000
90,50002,202002190000,500,-2.9,0,10.4,106.800,90.000,144.000,33.960,3.594,65000.000,1261.000,1.100,9.200,1.400,9.528,0.014,6.000,1410.000
90,50002,202002200000,500,0.6,0,10.5,116.800,85.000,162.000,32.970,3.534,67000.000,1435.000,1.100,9.400,1.600,8.736,0.014,8.000,1192.000
90,50002,202002210000,500,1.8,0,10.7,120.500,85.000,184.000,33.510,3.646,65000.000,1309.000,1.200,8.200,1.200,9.072,0.019,5.000,1119.000
90,50002,202002220000,500,5.0,0,11.1,115.300,90.000,160.000,30.690,3.690,64000.000,1223.000,1.100,8.400,1.400,9.192,0.017,3.000,1139.000
90,50002,202002230000,500,1.5,0,10.7,126.600,95.000,154.000,33.900,3.588,73000.000,1227.000,1.300,9.400,1.200,9.312,0.014,6.000,1294.000
90,50002,202002240000,500,3.2,0,10.9,133.200,87.500,118.000,33.990,3.630,70000.000,1345.000,1.200,9.200,1.800,6.708,0.022,4.000,1124.000
90,50002,202002250000,500,5.4,0,11.7,120.500,82.500,206.000,29.910,3.342,62000.000,1316.000,1.000,8.400,1.400,5.988,0.017,7.000,1138.000
90,50002,202002260000,500,2.4,0,11.7,113.500,82.500,94.000,33.720,3.594,70000.000,1348.000,1.100,8.400,2.600,4.164,0.031,10.000,1452.000
90,50002,202002270000,500,6.5,0,11.8,100.200,82.500,106.000,26.940,3.252,66000.000,1372.000,1.000,8.000,2.000,5.412,0.036,16.000,1196.000
90,50002,202002280000,500,2.3,0,11.4,100.000,85.000,106.000,28.320,3.540,63000.000,1454.000,0.900,8.400,1.000,3.732,0.008,8.000,1247.000
90,50002,202002290000,500,5.7,0,12.0,116.800,90.000,114.000,30.030,3.186,64000.000,1413.000,1.200,8.200,1.200,4.392,0.012,6.000,1273.000
90,50003,202002010000,500,0.6,0,10.0,166.400,106.700,220.000,49.320,4.644,79000.000,458.000,2.800,3.800,1.200,5.076,0.066,44.000,543.000
90,50003,202002020000,500,0,0,10.4,162.400,110.000,200.000,48.060,4.488,59000.000,502.000,3.300,4.600,1.800,4.932,0.084,39.000,490.000
90,50003,202002030000,500,0.6,0,10.0,155.600,103.300,216.000,47.520,4.350,50000.000,374.000,2.900,4.200,1.000,5.364,0.031,0.000,547.000
90,50003,202002040000,500,-3.9,0,9.9,163.600,113.300,184.000,39.660,4.062,61000.000,460.000,3.100,4.200,0.800,5.064,0.023,10.000,448.000
90,50003,202002050000,500,-7.3,0,9.1,156.000,106.700,124.000,43.770,6.780,74000.000,490.000,2.700,3.800,0.400,5.256,0.022,15.000,564.000
90,50003,202002060000,500,-9.0,0,8.9,144.900,110.000,126.000,38.970,4.728,75000.000,339.000,3.400,5.600,1.000,6.132,0.031,30.000,523.000
90,50003,202002070000,500,-4.8,0,8.5,150.400,103.300,208.000,40.740,4.158,84000.000,526.000,3.100,5.000,2.200,6.960,0.022,25.000,468.000
90,50003,202002080000,500,0.1,0,8.8,141.300,113.300,170.000,36.390,3.864,78000.000,515.000,2.700,4.400,2.800,6.492,0.030,41.000,563.000
90,50003,202002090000,500,-4.0,0,8.9,146.700,106.700,176.000,37.050,3.750,75000.000,531.000,3.000,4.200,2.400,6.924,0.034,47.000,522.000
90,50003,202002100000,500,0.3,0,8.9,136.800,102.500,208.000,33.540,3.540,81000.000,475.000,2.300,4.600,1.200,6.696,0.026,39.000,563.000
90,50003,202002110000,500,1.6,0,10.0,132.300,110.000,422.000,36.450,3.594,73000.000,492.000,2.600,4.800,1.800,5.100,0.031,11.000,525.000
90,50003,202002120000,500,5.1,0,10.0,146.700,105.000,220.000,39.420,3.798,81000.000,315.000,2.900,4.400,1.200,3.600,0.036,20.000,402.000
90,50003,202002130000,500,7.7,0,10.0,138.300,107.500,212.000,36.120,3.534,73000.000,536.000,3.100,4.200,1.200,6.672,0.048,40.000,457.000
90,50003,202002140000,500,2.7,0,10.3,144.900,117.500,190.000,40.020,3.462,81000.000,353.000,2.800,5.000,1.600,5.820,0.054,52.000,322.000
90,50003,202002150000,500,5.3,0,10.6,135.300,110.000,200.000,38.250,3.348,74000.000,450.000,3.200,4.800,1.400,6.132,0.059,60.000,290.000
90,50003,202002160000,500,1.0,0,10.4,147.000,100.000,210.000,37.920,3.282,72000.000,463.000,3.000,4.400,1.800,5.868,0.054,52.000,302.000
90,50003,202002170000,500,-4.8,0,10.0,140.400,103.300,266.000,44.910,5.232,76000.000,285.000,2.200,4.600,0.600,4.980,0.028,66.000,417.000
90,50003,202002180000,500,-5.4,0,9.0,145.500,106.700,126.000,39.780,4.650,90000.000,373.000,2.700,5.200,0.200,4.608,0.035,60.000,373.000
90,50003,202002190000,500,-2.9,0,8.9,151.200,110.000,138.000,38.640,4.416,73000.000,434.000,2.500,4.600,0.400,4.860,0.037,51.000,504.000
90,50003,202002200000,500,0.6,0,9.3,144.600,163.300,222.000,35.670,3.666,78000.000,383.000,2.200,5.400,0.600,5.808,0.020,44.000,509.000
90,50003,202002210000,500,1.8,0,11.2,152.400,143.300,234.000,48.090,4.230,74000.000,682.000,2.700,5.000,0.800,5.292,0.034,66.000,518.000
90,50003,202002220000,500,5.0,0,11.5,174.400,123.300,200.000,46.440,4.194,76000.000,510.000,3.300,5.200,1.000,5.388,0.029,87.000,505.000
90,50003,202002230000,500,1.5,0,11.8,166.800,136.700,188.000,43.380,3.864,78000.000,491.000,3.000,4.800,1.200,5.784,0.036,100.000,517.000
90,50003,202002240000,500,3.2,0,12.3,160.800,133.300,154.000,32.430,4.944,78000.000,626.000,2.100,5.600,1.400,3.948,0.036,120.000,521.000
90,50003,202002250000,500,5.4,0,11.0,142.200,113.300,162.000,30.630,4.416,74000.000,554.000,2.300,5.400,2.200,3.780,0.047,89.000,499.000
90,50003,202002260000,500,2.4,0,10.3,138.600,106.700,106.000,33.420,4.266,78000.000,431.000,2.700,5.800,0.400,3.684,0.041,120.000,437.000
90,50003,202002270000,500,6.5,0,13.0,132.300,116.700,170.000,33.660,4.290,72000.000,578.000,2.100,5.600,1.600,3.804,0.043,95.000,587.000
90,50003,202002280000,500,2.3,0,11.0,120.000,110.000,174.000,32.910,4.212,76000.000,505.000,2.400,6.000,1.800,3.888,0.049,87.000,546.000
90,50003,202002290000,500,5.7,0,11.6,123.500,103.300,166.000,35.640,4.122,76000.000,571.000,2.600,5.400,1.600,4.368,0.052,110.000,463.000
91,60001,202002011000,600,0.6,0,13.3,298.800,67.000,80.000,51.622,4.501,12400.000,2965.000,4.100,10.700,0.800,4.561,0.173,42.000,2019.000
91,60001,202002021000,600,-0.8,0,13.4,373.800,91.300,130.000,60.440,5.946,3900.000,2810.000,4.900,9.900,0.400,5.128,0.149,56.000,2094.000
91,60001,202002031000,600,1.7,0,14.4,175.200,66.000,123.300,29.261,3.314,6400.000,3066.000,5.100,10.900,0.400,6.230,0.163,96.000,2282.000
91,60001,202002041000,600,-1.6,0,13.7,282.000,84.000,216.700,57.192,5.551,4400.000,2957.000,4.300,11.600,1.600,3.899,0.113,30.000,2189.000
91,60001,202002051000,600,-4.7,0,13.4,288.000,77.300,150.000,55.596,5.066,3000.000,2999.000,4.500,11.700,1.000,3.712,0.179,19.000,2129.000
91,60001,202002061000,600,-6.8,0,14.3,263.400,66.500,126.700,41.689,3.818,3200.000,2934.000,3.800,10.100,0.600,3.924,0.153,15.000,2122.000
91,60001,202002071000,600,-3.5,0,12.6,364.800,89.300,186.700,84.467,4.668,3800.000,2683.000,4.700,10.600,1.200,5.496,0.172,36.000,2183.000
91,60001,202002081000,600,2.4,0,12.9,295.200,76.000,143.300,65.874,5.170,3600.000,2570.000,4.600,10.400,0.600,5.889,0.202,13.000,2209.000
91,60001,202002091000,600,-1.1,0,13.1,322.800,80.800,140.000,66.630,5.084,8800.000,2197.000,5.100,11.000,0.600,5.587,0.184,12.000,2131.000
91,60001,202002101000,600,3.9,0,13.5,154.200,93.800,210.000,83.106,5.898,9200.000,2197.000,6.400,11.800,0.600,11.633,1.659,15.000,1972.000
91,60001,202002111000,600,5.9,0,13,351.000,73.800,146.700,59.828,4.668,8000.000,2285.000,5.600,11.700,1.400,14.717,0.195,20.000,2154.000
91,60001,202002121000,600,6.6,7,14.7,334.200,75.800,110.000,60.584,4.668,3800.000,2528.000,3.200,10.600,1.600,13.810,0.200,36.000,2336.000
91,60001,202002131000,600,7.1,0,13.8,255.600,76.000,220.000,84.467,4.633,3500.000,2880.000,4.300,11.900,1.800,5.496,0.196,36.000,2254.000
91,60001,202002141000,600,4.8,0,13.7,268.800,85.800,156.700,64.665,4.720,3700.000,3034.000,6.600,11.700,1.600,6.343,0.810,38.000,2301.000
91,60001,202002151000,600,8.2,1.5,14.1,331.800,97.000,230.000,57.712,5.032,3400.000,2718.000,5.000,10.300,2.400,6.252,2.620,84.000,2215.000
91,60001,202002161000,600,1.9,7.5,14.5,180.000,90.500,183.300,58.921,4.217,4000.000,2578.000,2.600,11.700,1.600,9.577,1.424,76.000,2598.000
91,60001,202002171000,600,-2.6,0.5,12.8,238.200,63.300,166.700,72.979,5.361,3300.000,2597.000,3.700,9.600,1.200,6.343,0.221,32.000,2138.000
91,60001,202002181000,600,-1.7,0,13,291.600,89.800,160.000,52.572,4.858,7100.000,2933.000,4.000,12.600,1.000,6.282,0.221,35.000,2258.000
91,60001,202002191000,600,-0.8,1.5,12.8,304.800,72.000,156.700,47.282,4.980,4400.000,3165.000,3.800,10.800,1.600,3.985,0.219,70.000,2433.000
91,60001,202002201000,600,7.7,0,14.1,331.200,53.000,210.000,37.550,3.748,8600.000,2982.000,3.400,9.800,1.400,3.148,0.197,31.000,2262.000
91,60001,202002211000,600,3.6,0,12.8,360.600,68.800,140.000,52.419,4.664,1800.000,2895.000,5.400,10.100,1.200,3.214,0.257,44.000,2241.000
91,60001,202002221000,600,6.4,0,12.8,279.600,73.000,200.000,34.081,5.422,11100.000,2913.000,5.500,10.200,1.800,1.860,0.248,46.000,2376.000
91,60001,202002231000,600,2.9,0,13,234.600,61.000,140.000,35.568,5.175,3500.000,3053.000,4.400,10.100,1.200,2.058,0.211,13.000,2395.000
91,60001,202002241000,600,2.9,0,12.8,301.200,74.600,200.000,35.568,4.347,3600.000,2792.000,3.700,9.600,0.600,2.190,0.204,21.000,2209.000
91,60001,202002251000,600,7.2,22,13.4,348.600,54.700,123.300,35.971,4.032,4800.000,2908.000,5.300,10.100,1.400,3.416,0.161,32.000,2981.000
91,60001,202002261000,600,7.3,0,13.3,237.000,46.600,106.700,36.119,3.584,5200.000,2960.000,1.300,8.100,1.200,4.183,0.202,31.000,2449.000
91,60001,202002271000,600,3.4,0,13.3,303.600,58.100,166.700,43.056,4.696,6100.000,3094.000,2.700,9.600,0.400,4.302,0.256,25.000,2538.000
91,60001,202002281000,600,5.2,3.5,13.1,334.200,61.700,156.700,45.270,5.180,3500.000,2865.000,4.300,9.400,1.600,3.623,0.296,11.000,2370.000
91,60001,202002291000,600,7.1,0,13.2,132.600,60.800,120.000,32.724,3.422,3700.000,2885.000,3.700,8.900,1.000,2.678,0.165,3.000,2244.000
91,70001,202002010900,700,0,0,18.1,231.000,158.000,194.000,60.108,6.178,100000.000,22933.000,0.970,22.400,1.600,8.654,0.275,27.000,5893.000
91,70001,202002020900,700,-3,0,18,307.500,180.000,194.000,74.508,7.834,83000.000,27154.000,1.180,20.067,1.400,13.704,0.178,27.000,7248.000
91,70001,202002030900,700,-2,0,18,213.500,144.000,176.000,64.080,6.038,122500.000,26855.000,0.720,23.133,1.200,10.651,0.190,27.000,7333.000
91,70001,202002050900,700,-9,0,18.1,155.500,122.000,118.000,44.556,3.835,100000.000,25092.000,1.050,21.867,2.200,8.870,0.102,42.000,6488.000
91,70001,202002060900,700,-6,0,17.7,162.500,120.800,180.000,52.656,5.213,86000.000,27497.000,1.100,19.333,2.000,11.285,0.123,34.000,7176.000
91,70001,202002070900,700,-4,0,17.6,208.500,126.000,158.000,54.396,5.126,99000.000,25274.000,2.170,22.733,2.700,12.250,0.164,36.000,6627.000
91,70001,202002080900,700,0,0,17.7,240.500,119.600,156.000,55.548,5.371,135000.000,23632.000,2.550,21.600,4.400,10.219,0.424,38.000,5809.000
91,70001,202002090900,700,3,0,17.7,266.500,150.800,242.000,53.232,4.282,99000.000,27138.000,1.860,19.200,4.000,7.032,0.378,24.000,7147.000
91,70001,202002100900,700,0,0,17.7,215.500,126.400,280.000,57.733,5.429,100500.000,26142.000,1.100,22.800,2.300,13.584,0.268,32.000,6776.000
91,70001,202002110900,700,-1,0,17.9,203.500,115.600,128.000,46.500,3.946,88000.000,26506.000,3.130,22.800,2.889,9.634,0.202,29.000,7261.000
91,70001,202002120900,700,7,1,18,226.500,126.000,220.000,50.784,4.877,122500.000,25957.000,1.860,21.933,5.800,9.749,0.580,44.000,6779.000
91,70001,202002130900,700,7,1,18.2,313.500,113.600,174.000,42.792,4.310,119000.000,25088.000,2.020,21.600,2.800,7.574,0.403,27.000,6719.000
91,70001,202002140900,700,3,0,18.2,173.500,125.600,140.000,50.052,4.704,91000.000,27045.000,1.940,21.867,4.000,10.594,0.321,30.000,6717.000
91,70001,202002150900,700,3,0,17.9,288.000,124.000,210.000,55.068,5.491,92500.000,22345.000,2.200,22.667,2.200,8.578,0.399,33.000,5715.000
91,70001,202002160900,700,-3,0,18,253.000,130.800,152.000,52.212,5.122,87500.000,28045.000,2.010,22.933,2.800,10.080,0.292,37.000,7462.000
91,70001,202002170900,700,-5,0,18,227.500,165.200,266.000,60.324,6.326,115500.000,27094.000,1.340,26.133,2.600,10.920,0.396,21.000,6973.000
91,70001,202002180900,700,-8,0,17.6,321.000,147.200,284.000,56.160,5.990,100000.000,27076.000,5.080,23.067,4.375,11.510,0.470,33.000,7055.000
91,70001,202002190900,700,-4,0,17.6,210.500,122.400,172.000,56.460,5.971,117000.000,24723.000,3.400,21.467,4.222,9.283,0.416,31.000,6126.000
91,70001,202002200900,700,0,0,17.5,152.000,112.400,162.000,46.680,4.690,107500.000,24838.000,2.870,21.600,4.769,9.643,0.540,33.000,6640.000
91,70001,202002210900,700,2,0,17.6,200.500,128.000,158.000,50.004,4.248,106000.000,27730.000,4.480,24.733,6.429,12.514,0.606,24.000,6939.000
91,70001,202002220900,700,2,0,17.8,200.000,137.600,186.000,49.260,6.360,85500.000,26715.000,1.920,23.467,2.600,11.554,0.452,36.000,7020.000
91,70001,202002230900,700,4,0,17.8,231.500,115.200,170.000,58.248,3.576,103000.000,27198.000,3.580,23.067,2.200,11.016,0.372,38.000,7161.000
91,70001,202002240900,700,-1,0,17.8,162.500,128.000,208.000,53.448,5.160,120500.000,27228.000,2.100,21.867,3.500,13.291,0.449,54.000,6798.000
91,70001,202002250900,700,5,4,18,183.000,134.400,234.000,38.772,3.888,125500.000,26727.000,5.540,22.267,2.900,9.029,0.473,55.000,8086.000
91,70001,202002260900,700,2,0,17.3,139.000,109.600,182.000,44.832,4.118,123500.000,29015.000,2.790,18.467,1.500,5.928,0.349,35.000,9283.000
91,70001,202002270900,700,1,0,17.6,168.000,123.600,178.000,48.360,4.416,106800.000,28455.000,5.120,20.600,3.200,8.746,0.460,24.000,8624.000
91,70001,202002280900,700,4,0.5,18.3,173.500,116.800,248.000,54.108,4.915,100300.000,26930.000,5.480,24.400,6.000,8.870,0.587,27.000,6773.000
91,70001,202002290900,700,4,0,18.2,240.500,136.400,184.000,52.788,5.011,138300.000,26898.000,3.630,24.667,1.800,10.162,0.367,31.000,6957.000
92,87103,202002010000,871,-0.2,0,8.6,38.000,38.500,46.000,20.976,1.087,5300.000,546.000,4.400,9.000,8.000,10.583,0.440,0.000,546.000
92,87103,202002020000,871,-0.3,0,8.6,40.400,42.000,41.000,27.504,1.762,8900.000,511.000,4.600,8.800,8.000,10.259,0.394,0.000,511.000
92,87103,202002030000,871,0.5,0,8.7,31.100,28.200,30.000,9.853,1.310,7400.000,508.000,3.400,10.900,8.200,9.392,0.480,6.000,508.000
92,87103,202002040000,871,-1.5,0,8.8,58.200,47.800,122.000,27.389,2.465,18000.000,509.000,4.100,9.300,8.800,8.800,0.481,0.000,509.000
92,87103,202002050000,871,-3.4,0,8.8,68.700,51.900,114.000,27.830,2.124,21000.000,497.000,3.200,9.600,7.600,9.000,0.339,0.000,497.000
92,87103,202002060000,871,-5.2,0,8.7,60.900,43.400,66.000,26.160,2.376,33000.000,467.000,4.300,10.800,7.000,10.754,0.334,0.000,467.000
92,87103,202002070000,871,-2.1,0,8.8,33.600,31.600,36.000,20.323,1.488,5500.000,483.000,3.300,10.800,8.800,10.622,0.408,1.000,483.000
92,87103,202002080000,871,-1.3,0,8.8,33.800,42.900,44.000,23.688,1.318,5300.000,489.000,3.500,10.800,8.000,12.950,0.478,2.000,489.000
92,87103,202002090000,871,-1.5,0,8.9,41.400,40.600,46.000,23.266,2.206,57000.000,512.000,4.100,11.600,8.800,12.432,0.477,0.000,512.000
92,87103,202002100000,871,1.6,0,8.8,26.800,34.000,31.000,23.558,1.771,12000.000,503.000,5.200,13.400,8.400,12.120,0.488,1.000,503.000
92,87103,202002110000,871,2.7,0,8.8,46.700,53.100,44.000,23.102,1.853,9600.000,508.000,7.500,13.300,8.600,10.720,0.480,10.000,508.000
92,87103,202002120000,871,3.6,6,8.9,74.400,62.100,104.000,29.165,2.585,39000.000,505.000,6.200,26.300,9.400,13.398,0.479,19.000,505.000
92,87103,202002130000,871,7.8,0,8.9,57.600,47.600,64.000,26.146,1.939,30000.000,512.000,6.900,24.400,8.000,11.814,0.426,6.000,512.000
92,87103,202002140000,871,6.2,0,9,74.400,54.000,86.000,29.899,2.198,37000.000,502.000,7.000,12.200,8.000,9.602,0.477,69.000,502.000
92,87103,202002150000,871,7.6,0.1,9,54.900,52.700,57.000,25.493,1.939,11000.000,498.000,7.400,15.800,8.200,10.984,0.437,30.000,498.000
92,87103,202002160000,871,2.5,4.5,8.9,74.700,51.000,59.000,24.058,2.309,6800.000,489.000,2.500,13.000,8.000,11.880,0.472,7.000,489.000
92,87103,202002170000,871,-3.8,0,9,50.900,44.000,68.000,25.627,1.922,28000.000,510.000,7.300,17.300,8.800,8.524,0.405,29.000,510.000
92,87103,202002180000,871,3.1,0,9.1,48.600,49.700,54.000,24.710,1.968,18000.000,499.000,6.700,16.300,7.200,9.113,0.486,17.000,499.000
92,87103,202002190000,871,0.4,0,9.1,74.500,56.900,96.000,31.613,2.525,40000.000,512.000,5.900,15.100,7.300,8.788,0.479,10.000,512.000
92,87103,202002200000,871,2.5,0,9,104.100,107.800,362.500,53.040,7.543,17000.000,529.000,7.800,19.700,7.700,8.995,0.476,16.000,529.000
92,87103,202002210000,871,5.1,0,9.1,62.600,48.700,82.000,27.115,2.434,15000.000,512.000,7.500,16.900,8.400,9.697,0.453,21.000,512.000
92,87103,202002220000,871,5.6,0,9,64.100,53.100,48.000,19.810,1.397,23000.000,518.000,7.300,11.800,8.400,10.937,0.467,1.000,518.000
92,87103,202002230000,871,1.7,0,9,66.800,49.500,47.000,20.520,0.967,11000.000,522.000,6.900,12.200,8.000,13.006,0.455,1.000,522.000
92,87103,202002240000,871,4.9,0,8.9,36.700,41.700,47.000,23.117,1.471,16000.000,517.000,3.800,13.900,9.200,8.664,0.469,2.000,517.000
92,87103,202002250000,871,4.7,43,8.8,59.900,37.600,59.000,24.480,1.402,19000.000,510.000,4.000,13.700,8.400,8.024,0.449,0.000,510.000
92,87103,202002260000,871,6,0.5,8.9,76.600,50.700,27.000,16.699,1.229,8900.000,508.000,6.100,14.200,8.400,8.461,0.485,3.000,508.000
92,87103,202002270000,871,2.7,0,8.8,44.900,40.000,30.000,18.754,0.905,8300.000,487.000,7.500,16.700,8.300,9.604,0.459,19.000,487.000
92,87103,202002280000,871,1.3,0,8.8,40.800,35.200,33.000,22.205,1.178,4300.000,483.000,3.400,13.400,8.400,9.325,0.464,2.000,483.000
92,87103,202002290000,871,5.6,0,8.7,37.600,47.000,37.000,19.934,1.207,3400.000,501.000,3.700,15.400,8.000,11.245,0.437,3.000,501.000
92,87104,202002010000,871,-0.2,0,12.9,144.300,107.700,156.000,39.134,4.370,60000.000,1665.000,1.000,5.600,1.000,6.980,0.030,0.000,1497.000
92,87104,202002020000,871,-0.3,0,13.2,140.100,109.100,178.000,41.995,4.380,43000.000,1625.000,0.900,5.300,1.400,6.161,0.026,0.000,1515.000
92,87104,202002030000,871,0.5,0,13.2,102.900,81.300,126.000,37.906,3.242,21000.000,1624.000,1.000,6.800,2.000,4.664,0.043,0.000,1508.000
92,87104,202002040000,871,-1.5,0,13,157.800,106.800,317.800,32.410,3.622,30000.000,1588.000,0.800,6.400,1.600,5.407,0.039,0.000,1426.000
92,87104,202002050000,871,-3.4,0,12.5,194.400,117.900,200.000,40.675,4.949,60000.000,1679.000,1.800,7.400,2.400,5.934,0.035,0.000,1504.000
92,87104,202002060000,871,-5.2,0,12.3,244.200,127.300,246.700,42.139,5.220,45000.000,1605.000,1.800,5.700,2.400,7.218,0.024,0.000,1511.000
92,87104,202002070000,871,-2.1,0,12.3,200.400,101.400,150.000,36.667,3.490,13000.000,1217.000,0.900,5.800,2.000,6.655,0.024,0.000,1001.000
92,87104,202002080000,871,-1.3,0,12.2,220.800,126.700,166.000,36.302,4.438,24000.000,1621.000,0.700,6.800,0.700,7.020,0.030,0.000,1495.000
92,87104,202002090000,871,-1.5,0,12.1,198.900,127.300,134.000,38.698,4.205,94000.000,1662.000,0.800,6.500,0.700,6.970,0.030,0.000,1502.000
92,87104,202002100000,871,1.6,0,12.2,145.500,113.600,160.000,40.493,4.493,47000.000,1683.000,0.400,5.600,2.000,6.504,0.021,0.000,1502.000
92,87104,202002110000,871,2.7,0,12.2,102.600,85.000,114.000,40.459,3.826,48000.000,1545.000,1.000,6.300,3.300,7.198,0.027,0.000,1374.000
92,87104,202002120000,871,3.6,6,12.6,230.400,137.900,295.000,46.522,5.491,64000.000,1624.000,0.800,6.100,2.400,6.974,0.029,0.000,1520.000
92,87104,202002130000,871,7.8,0,13,339.000,184.600,525.000,39.331,4.512,79000.000,1563.000,0.700,6.000,2.000,6.593,0.026,0.000,1448.000
92,87104,202002140000,871,6.2,0,13.1,223.500,121.800,173.300,43.291,4.298,15000.000,1662.000,1.000,6.100,0.400,5.561,0.028,0.000,1496.000
92,87104,202002150000,871,7.6,0.1,13.4,154.500,96.900,140.000,39.619,4.512,35000.000,1687.000,0.800,5.500,2.200,6.820,0.040,1.000,1515.000
92,87104,202002160000,871,2.5,4.5,14,133.500,92.400,148.000,39.619,3.569,45000.000,1662.000,1.400,5.200,2.200,4.440,0.030,0.000,1509.000
92,87104,202002170000,871,-3.8,0,14.1,185.600,118.900,225.000,45.653,5.494,53000.000,1624.000,0.700,5.900,3.200,3.795,0.016,0.000,1488.000
92,87104,202002180000,871,3.1,0,13.4,169.100,120.200,193.300,46.291,4.524,24000.000,1624.000,0.700,5.800,2.000,4.855,0.009,0.000,1492.000
92,87104,202002190000,871,0.4,0,12.8,178.500,111.700,172.000,38.866,3.830,70000.000,1677.000,0.700,6.300,0.400,5.487,0.012,0.000,1506.000
92,87104,202002200000,871,2.5,0,12.5,158.100,96.000,82.000,44.544,5.138,49000.000,1660.000,0.700,5.800,0.800,5.826,0.021,0.000,1491.000
92,87104,202002210000,871,5.1,0,12.4,171.600,110.500,152.000,44.832,4.810,40000.000,1662.000,0.800,5.500,1.200,6.572,0.017,0.000,1499.000
92,87104,202002220000,871,5.6,0,12.5,137.700,1115.800,170.000,42.470,4.392,15000.000,1451.000,0.900,6.700,2.100,7.230,0.020,0.000,1431.000
92,87104,202002230000,871,1.7,0,12.6,142.200,118.700,186.000,39.451,4.354,71000.000,1339.000,0.800,6.200,2.100,5.760,0.030,0.000,1085.000
92,87104,202002240000,871,4.9,0,12.7,99.000,92.100,124.000,46.402,3.629,24000.000,1392.000,0.100,6.500,1.200,5.522,0.024,0.000,1200.000
92,87104,202002250000,871,4.7,43,12.4,203.700,112.600,190.000,34.882,3.432,53000.000,1380.000,1.000,6.600,0.700,5.470,0.025,0.000,1312.000
92,87104,202002260000,871,6,0.5,12.2,229.600,95.100,110.000,28.747,1.675,24000.000,1394.000,0.900,6.900,0.800,3.401,0.015,0.000,1284.000
92,87104,202002270000,871,2.7,0,11.8,126.600,100.500,122.000,24.763,2.311,22000.000,1420.000,1.200,6.800,0.600,6.347,0.009,0.000,1334.000
92,87104,202002280000,871,1.3,0,11.3,179.700,96.000,118.000,37.531,3.396,6300.000,977.000,1.000,5.900,0.400,7.817,0.019,0.000,939.000
92,87104,202002290000,871,5.6,0,11.4,160.300,103.300,144.000,37.195,4.049,19000.000,1574.000,0.700,5.700,2.200,10.350,0.020,0.000,1398.000
92,87105,202002010000,871,-0.2,0,10.7,135.000,111.100,136.000,35.659,3.847,49000.000,5019.000,1.100,6.600,2.200,4.201,0.047,0.000,4645.000
92,87105,202002020000,871,-0.3,0,10.2,130.500,103.200,166.000,34.478,4.015,56000.000,5211.000,1.000,6.400,2.500,3.997,0.053,0.000,4590.000
92,87105,202002030000,871,0.5,0,10,152.500,110.500,144.000,26.582,3.154,29000.000,5075.000,1.400,7.100,2.600,3.983,0.048,0.000,4513.000
92,87105,202002040000,871,-1.5,0,10.1,138.900,107.600,140.000,36.787,3.382,22000.000,5358.000,0.900,7.100,3.600,4.537,0.050,0.000,4621.000
92,87105,202002050000,871,-3.4,0,10.1,188.100,128.700,170.000,41.309,4.037,49000.000,5234.000,1.700,8.000,3.200,4.581,0.058,0.000,4586.000
92,87105,202002060000,871,-5.2,0,10,177.400,112.000,118.000,40.440,3.655,53000.000,5048.000,1.900,8.000,4.400,4.805,0.054,0.000,4472.000
92,87105,202002070000,871,-2.1,0,10,164.100,97.700,126.000,33.158,3.065,61000.000,5203.000,1.500,8.600,4.400,5.093,0.074,1.000,4552.000
92,87105,202002080000,871,-1.3,0,9.9,143.100,114.200,128.000,34.234,3.432,41000.000,5829.000,1.000,6.300,1.500,4.340,0.070,0.000,4879.000
92,87105,202002090000,871,-1.5,0,9.3,144.000,110.700,126.000,37.109,3.626,21000.000,5315.000,1.100,6.300,1.600,4.520,0.060,0.000,4715.000
92,87105,202002100000,871,1.6,0,9,136.200,119.600,138.000,39.024,3.744,16000.000,5307.000,1.700,7.800,3.600,4.085,0.065,0.000,4584.000
92,87105,202002110000,871,2.7,0,9.3,143.700,107.900,172.000,28.507,2.676,70000.000,4624.000,1.800,6.800,4.800,4.450,0.079,0.000,4309.000
92,87105,202002120000,871,3.6,6,9.4,127.200,88.600,124.000,34.598,3.245,53000.000,5396.000,1.180,6.000,4.800,4.225,0.086,0.000,4687.000
92,87105,202002130000,871,7.8,0,9.7,167.600,111.900,170.000,37.805,4.274,87000.000,5378.000,1.600,7.600,4.200,4.182,0.074,1.000,4936.000
92,87105,202002140000,871,6.2,0,10.1,168.600,104.700,124.000,39.686,4.078,13000.000,4945.000,1.600,8.200,2.800,3.425,0.072,1.000,4145.000
92,87105,202002150000,871,7.6,0.1,10.4,94.800,90.100,118.000,38.122,4.274,57000.000,5306.000,1.200,5.100,3.100,3.600,0.070,1.000,4682.000
92,87105,202002160000,871,2.5,4.5,10.3,128.400,87.300,128.000,36.744,3.250,36000.000,5426.000,1.600,6.000,3.000,3.120,0.080,0.000,4859.000
92,87105,202002170000,871,-3.8,0,10.2,158.600,114.600,152.000,31.181,2.755,43000.000,4937.000,1.800,7.200,3.200,3.123,0.051,1.000,4589.000
92,87105,202002180000,871,3.1,0,10.5,183.000,114.500,170.000,40.315,3.662,13000.000,5167.000,1.800,6.200,3.600,3.300,0.048,0.000,4426.000
92,87105,202002190000,871,0.4,0,10.5,137.100,109.500,136.000,37.123,3.276,43000.000,5093.000,1.100,7.800,2.000,3.753,0.025,0.000,4206.000
92,87105,202002200000,871,2.5,0,10.3,136.200,95.400,84.000,39.322,3.650,39000.000,5154.000,1.500,7.600,2.800,3.972,0.060,0.000,4669.000
92,87105,202002210000,871,5.1,0,10.4,147.600,96.900,132.000,29.630,2.839,34000.000,4954.000,1.600,7.700,2.000,3.813,0.057,0.000,4533.000
92,87105,202002220000,871,5.6,0,10.6,124.200,111.800,136.000,35.045,3.166,67000.000,4854.000,1.400,6.300,2.900,3.470,0.060,1.000,4328.000
92,87105,202002230000,871,1.7,0,10.1,128.700,110.600,156.000,36.643,3.533,41000.000,5209.000,1.300,6.100,2.900,3.330,0.040,1.000,4419.000
92,87105,202002240000,871,4.9,0,10.1,220.500,138.400,264.000,37.531,4.068,62000.000,4325.000,0.700,7.000,3.200,3.550,0.051,0.000,3719.000
92,87105,202002250000,871,4.7,43,10.2,237.900,117.800,214.000,34.939,3.600,49000.000,4687.000,1.300,7.400,2.400,3.310,0.048,1.000,4359.000
92,87105,202002260000,871,6,0.5,10.3,225.300,93.700,84.000,27.739,2.208,36000.000,4784.000,1.800,7.100,1.800,3.216,0.039,0.000,4425.000
92,87105,202002270000,871,2.7,0,10.2,124.500,119.000,130.000,29.928,2.760,47000.000,4355.000,1.700,7.000,2.000,3.570,0.031,0.000,4112.000
92,87105,202002280000,871,1.3,0,10.1,198.600,106.300,126.000,37.469,3.689,31000.000,3651.000,1.800,7.200,2.200,3.454,0.041,1.000,3123.000
92,87105,202002290000,871,5.6,0,10.3,144.000,107.800,128.000,29.678,3.194,53000.000,5475.000,1.100,5.300,2.700,2.630,0.050,0.000,4910.000
92,87201,202002010001,872,5,0,13.6,95.600,75.400,112.000,27.546,4.367,250000.000,19998.000,0.500,9.600,2.100,7.833,0.197,20.000,18311.000
92,87201,202002020002,872,5,0,12.6,85.400,67.400,106.000,25.836,2.836,250000.000,17824.000,0.500,9.600,3.600,9.449,0.131,22.000,16324.000
92,87201,202002030003,872,5,0,10.9,86.400,68.200,102.000,30.178,3.070,240000.000,19304.000,0.500,10.400,5.900,8.735,0.077,46.000,17981.000
92,87201,202002040004,872,2,0,10.5,107.200,84.600,154.000,30.923,3.781,240000.000,18454.000,0.600,11.600,2.200,10.681,0.076,24.000,16753.000
92,87201,202002050005,872,3,0,10.3,91.800,72.400,110.000,31.771,3.636,230000.000,16940.000,0.700,13.200,2.300,9.266,0.110,26.000,14549.000
92,87201,202002060006,872,1,0,10.7,117.800,94.300,116.000,29.042,3.353,240000.000,17970.000,0.600,12.500,2.400,9.310,0.118,60.000,17501.000
92,87201,202002070007,872,1,0,10.9,95.600,75.400,110.000,32.020,3.903,240000.000,17393.000,0.600,12.500,3.100,10.276,0.109,18.000,16477.000
92,87201,202002080008,872,2,0,10.6,76.600,60.400,140.000,31.211,4.120,250000.000,17624.000,0.600,12.400,2.000,9.256,0.116,46.000,16834.000
92,87201,202002090009,872,2,0,10.8,73.400,58.000,96.000,22.031,2.002,240000.000,17676.000,0.600,12.100,2.200,10.448,0.072,22.000,15140.000
92,87201,202002100010,872,4,0,11.2,74.800,59.000,50.000,22.563,2.289,200000.000,16542.000,0.500,9.800,4.000,9.297,0.053,42.000,15009.000
92,87201,202002110011,872,4,0,10.5,91.800,72.400,110.000,33.833,3.073,230000.000,16547.000,0.600,11.500,2.000,11.114,0.053,24.000,15026.000
92,87201,202002120012,872,7,9.1,13,114.600,91.800,102.000,48.259,4.483,240000.000,18453.000,0.600,12.900,2.200,11.738,0.084,18.000,16603.000
92,87201,202002130013,872,10,0,13.6,74.000,58.400,76.000,33.637,2.787,230000.000,17545.000,0.600,11.900,2.300,9.160,0.111,25.000,16202.000
92,87201,202002140014,872,10,0,13.5,78.200,61.800,110.000,29.013,3.779,240000.000,17124.000,0.600,11.200,4.500,8.668,0.081,26.000,15214.000
92,87201,202002150015,872,10,3.3,14,76.000,60.000,102.000,29.658,3.128,240000.000,14655.000,0.600,12.100,1.900,11.407,0.061,22.000,13933.000
92,87201,202002160016,872,8,2.9,14.3,59.900,47.200,60.000,25.189,1.953,230000.000,16963.000,0.500,11.000,1.800,9.134,0.052,30.000,15714.000
92,87201,202002170017,872,0,0,11.5,92.600,74.200,118.000,32.944,3.382,240000.000,15623.000,0.500,10.900,6.000,9.488,0.094,64.000,14869.000
92,87201,202002180018,872,6,0,11,86.700,69.400,114.000,35.572,3.673,240000.000,14496.000,0.600,11.800,6.500,11.141,0.097,38.000,13499.000
92,87201,202002190019,872,6,0,12.2,223.300,94.600,158.000,34.033,3.772,250000.000,17388.000,1.800,13.800,5.800,10.333,0.115,46.000,14834.000
92,87201,202002200020,872,9,0,11.7,167.100,70.800,118.000,29.048,3.779,230000.000,17214.000,1.300,12.700,4.100,12.029,0.105,32.000,14251.000
92,87201,202002210021,872,7,0,13,150.900,64.000,132.000,38.053,4.219,240000.000,15662.000,1.100,11.200,4.400,11.894,0.090,14.000,14781.000
92,87201,202002220022,872,12,0.6,14.8,145.500,61.600,118.000,28.312,2.934,240000.000,15152.000,1.100,11.400,1.900,10.986,0.063,48.000,14117.000
92,87201,202002230023,872,10,0,15.5,168.900,71.600,162.000,23.339,2.488,260000.000,15880.000,1.100,11.400,2.000,10.722,0.049,28.000,14306.000
92,87201,202002240024,872,8,0,10.5,104.200,66.200,82.000,31.191,2.970,240000.000,16040.000,1.200,11.700,2.100,10.220,0.044,26.000,15155.000
92,87201,202002250025,872,8,36.5,11.6,95.000,60.400,168.000,25.396,2.704,260000.000,25035.000,1.300,12.600,3.000,12.262,0.062,48.000,23138.000
92,87201,202002260026,872,10,0,12.2,148.800,63.000,72.000,26.654,2.349,240000.000,23214.000,1.000,9.600,1.900,9.288,0.053,30.000,20219.000
92,87201,202002270027,872,9,0,12.4,58.100,69.600,66.000,25.516,2.205,230000.000,21800.000,1.300,10.800,1.500,10.267,0.048,52.000,19842.000
92,87201,202002280028,872,5,1.1,13.1,110.600,45.500,68.000,25.867,2.558,220000.000,19364.000,1.200,11.500,1.400,10.580,0.054,22.000,17480.000
92,87201,202002290029,872,10,0,11.6,159.900,67.800,48.000,22.733,1.848,230000.000,19915.000,1.100,10.800,1.600,11.329,0.080,14.000,17017.000
92,87202,202002010001,872,5,0,15,91.200,56.800,55.000,11.405,0.869,160000.000,14384.000,1.100,7.300,1.800,5.026,0.058,32.000,8198.000
92,87202,202002020002,872,5,0,14.8,96.800,60.200,85.000,14.299,1.337,170000.000,12331.000,1.000,6.800,1.700,4.933,0.051,40.000,8942.000
92,87202,202002030003,872,5,0,15.1,129.300,80.400,82.000,11.536,1.013,180000.000,12570.000,1.000,6.600,1.500,4.430,0.035,28.000,8541.000
92,87202,202002040004,872,2,0,15.2,154.500,96.200,46.000,15.132,0.867,170000.000,15423.000,1.100,7.200,1.500,3.969,0.042,22.000,9092.000
92,87202,202002050005,872,3,0,13.8,128.400,80.000,61.000,15.753,1.010,190000.000,14428.000,0.900,8.500,4.000,5.085,0.073,48.000,9310.000
92,87202,202002060006,872,1,0,13.2,109.500,68.200,60.000,13.142,0.861,170000.000,14283.000,0.800,7.800,2.200,4.679,0.057,52.000,7716.000
92,87202,202002070007,872,1,0,14.2,111.600,67.600,63.000,15.286,0.973,160000.000,13011.000,0.800,7.600,4.200,4.772,0.064,14.000,7209.000
92,87202,202002080008,872,2,0,14.6,95.400,59.400,54.000,10.616,0.669,150000.000,13313.000,0.800,7.900,1.600,4.935,0.053,37.000,8009.000
92,87202,202002090009,872,2,0,14.8,98.400,61.200,60.000,9.115,0.696,160000.000,10202.000,0.800,7.800,1.600,4.804,0.057,28.000,6994.000
92,87202,202002100010,872,4,0,15.1,111.200,69.200,50.000,11.215,0.507,140000.000,14284.000,0.700,6.500,2.100,4.619,0.039,66.000,8576.000
92,87202,202002110011,872,4,0,14.6,106.600,66.400,63.000,10.517,0.874,170000.000,14176.000,0.700,6.700,2.200,4.793,0.049,30.000,8582.000
92,87202,202002120012,872,7,9.1,15.3,118.600,75.600,82.000,16.355,1.175,190000.000,14660.000,0.700,7.400,2.100,6.064,0.052,48.000,8104.000
92,87202,202002130013,872,10,0,16.2,110.800,69.000,64.000,13.602,0.636,170000.000,13366.000,0.700,6.800,2.400,5.782,0.046,72.000,7503.000
92,87202,202002140014,872,10,0,16.5,63.200,39.300,70.000,7.818,0.814,190000.000,13755.000,0.700,7.100,2.700,5.644,0.036,55.000,7587.000
92,87202,202002150015,872,10,3.3,17.1,94.800,59.000,33.000,11.543,0.606,150000.000,12824.000,0.700,7.100,3.400,5.827,0.056,110.000,7783.000
92,87202,202002160016,872,8,2.9,16.8,74.200,46.100,70.000,9.703,0.398,180000.000,12424.000,0.800,7.700,2.600,5.274,0.049,34.000,9227.000
92,87202,202002170017,872,0,0,15.7,97.400,60.600,81.000,11.280,0.832,190000.000,14619.000,0.700,6.500,1.500,6.089,0.031,22.000,8542.000
92,87202,202002180018,872,6,0,14.6,94.400,58.800,71.000,14.299,0.882,180000.000,14125.000,0.700,7.100,2.300,5.983,0.049,46.000,8495.000
92,87202,202002190019,872,6,0,15,120.000,45.700,56.000,21.350,1.280,160000.000,14385.000,1.100,7.800,2.700,4.673,0.058,28.000,7848.000
92,87202,202002200020,872,9,0,16.5,106.200,37.500,52.000,6.866,0.615,160000.000,13076.000,1.100,7.300,3.000,4.664,0.067,16.000,7486.000
92,87202,202002210021,872,7,0,16,186.600,67.400,66.000,12.139,0.938,190000.000,12023.000,1.000,6.900,3.500,5.147,0.043,20.000,5265.000
92,87202,202002220022,872,12,0.6,16.2,184.900,66.800,42.000,6.828,0.343,170000.000,11925.000,0.800,5.400,1.900,4.725,0.054,46.000,6369.000
92,87202,202002230023,872,10,0,16.8,213.400,79.000,44.000,7.744,0.183,180000.000,12558.000,0.800,5.000,1.900,4.409,0.046,32.000,7008.000
92,87202,202002240024,872,8,0,15.8,190.700,70.600,64.000,24.494,0.655,190000.000,8408.000,0.800,5.600,1.000,5.401,0.024,45.000,6405.000
92,87202,202002250025,872,8,36.5,14.3,82.400,43.600,52.000,17.440,0.984,190000.000,13402.000,0.800,5.400,1.100,5.738,0.021,60.000,6880.000
92,87202,202002260026,872,10,0,16.1,120.600,43.600,81.000,26.431,0.715,200000.000,11999.000,0.900,5.700,1.100,6.395,0.030,42.000,6541.000
92,87202,202002270027,872,9,0,16.8,79.400,103.400,41.000,7.813,0.462,150000.000,12507.000,0.800,6.600,2.100,5.789,0.052,32.000,6358.000
92,87202,202002280028,872,5,1.1,16.5,115.600,41.700,41.000,3.831,0.769,170000.000,12292.000,0.900,5.900,1.600,4.376,0.045,40.000,5702.000
92,87202,202002290029,872,10,0,15.9,164.100,60.800,35.000,4.238,0.335,150000.000,10833.000,0.600,4.300,1.800,5.082,0.037,25.000,6429.000
92,87203,202002010001,872,5,0,14.7,201.000,111.600,188.000,40.046,4.925,260000.000,12009.000,0.900,8.700,1.500,9.944,0.056,22.000,11280.000
92,87203,202002020002,872,5,0,13.7,234.000,130.000,244.000,44.125,5.285,270000.000,13509.000,0.800,8.300,1.400,10.107,0.052,12.000,11438.000
92,87203,202002030003,872,5,0,13.1,243.500,132.000,288.000,49.783,5.555,290000.000,11441.000,0.700,7.000,1.300,8.193,0.050,9.000,10623.000
92,87203,202002040004,872,2,0,12.3,272.400,151.200,188.000,40.286,4.751,280000.000,12707.000,0.800,8.200,1.400,8.242,0.053,14.000,10711.000
92,87203,202002050005,872,3,0,11.8,264.400,143.200,200.000,40.493,5.162,270000.000,11069.000,0.800,7.900,1.200,7.570,0.048,9.000,10457.000
92,87203,202002060006,872,1,0,12.1,282.000,156.800,214.000,44.403,5.218,280000.000,12894.000,0.800,7.500,1.500,6.622,0.050,26.000,11915.000
92,87203,202002070007,872,1,0,12.1,294.000,163.200,208.000,45.441,4.782,270000.000,16831.000,0.900,8.600,2.300,8.430,0.057,22.000,14785.000
92,87203,202002080008,872,2,0,12.8,219.900,116.400,192.000,41.455,5.018,260000.000,12486.000,0.900,8.800,1.300,9.105,0.055,12.000,11983.000
92,87203,202002090009,872,2,0,13.1,210.900,111.600,254.000,62.608,5.664,320000.000,12761.000,0.900,8.800,1.200,9.294,0.052,32.000,11464.000
92,87203,202002100010,872,4,0,13.5,228.400,120.800,108.000,44.150,5.054,280000.000,13302.000,0.800,7.500,0.800,8.477,0.046,8.000,11089.000
92,87203,202002110011,872,4,0,14,236.100,128.000,188.000,38.367,4.023,290000.000,13601.000,0.800,8.200,2.000,9.593,0.049,15.000,12814.000
92,87203,202002120012,872,7,9.1,4.4,296.400,164.800,250.000,51.581,5.200,290000.000,14782.000,0.800,8.400,1.300,8.961,0.061,6.000,15676.000
92,87203,202002130013,872,10,0,14.4,262.200,145.600,202.000,41.777,4.393,270000.000,13083.000,0.800,8.400,2.000,7.410,0.059,12.000,12380.000
92,87203,202002140014,872,10,0,14.6,228.800,124.000,174.000,47.424,4.503,280000.000,14138.000,0.900,9.400,1.900,7.445,0.071,10.000,9962.000
92,87203,202002150015,872,10,3.3,15.8,238.400,124.000,238.000,48.059,5.443,330000.000,12611.000,1.000,9.800,1.900,8.894,0.062,42.000,12400.000
92,87203,202002160016,872,8,2.9,16,201.900,106.900,214.000,54.499,5.696,270000.000,12809.000,1.000,9.900,1.800,8.343,0.053,28.000,11978.000
92,87203,202002170017,872,0,0,12,183.000,96.900,182.000,40.304,4.521,270000.000,12804.000,0.700,7.100,1.200,6.904,0.034,16.000,12529.000
92,87203,202002180018,872,6,0,12.7,244.200,132.400,218.000,49.125,5.006,270000.000,11434.000,0.700,7.300,1.200,6.614,0.041,25.000,10610.000
92,87203,202002190019,872,6,0,13.3,352.200,142.400,236.000,46.033,5.092,280000.000,12897.000,1.500,8.200,1.200,5.473,0.053,22.000,12099.000
92,87203,202002200020,872,9,0,15.1,246.000,107.700,206.000,44.098,4.677,270000.000,15536.000,0.900,8.200,1.900,5.916,0.058,14.000,14565.000
92,87203,202002210021,872,7,0,15.2,358.800,153.200,245.000,36.728,4.291,320000.000,14721.000,0.900,7.700,2.500,5.412,0.088,12.000,13990.000
92,87203,202002220022,872,12,0.6,15.7,297.600,127.200,130.000,36.425,3.469,260000.000,15618.000,1.100,9.800,1.600,7.041,0.065,30.000,15236.000
92,87203,202002230023,872,10,0,16.7,397.000,178.000,176.000,33.546,3.362,280000.000,11759.000,0.900,8.300,1.500,7.685,0.043,24.000,11070.000
92,87203,202002240024,872,8,0,14.2,222.000,94.900,190.000,44.670,4.789,270000.000,15282.000,0.700,6.100,0.900,7.050,0.026,80.000,13726.000
92,87203,202002250025,872,8,36.5,13.5,226.700,96.900,272.500,36.856,3.853,340000.000,23869.000,0.900,8.400,3.200,7.556,0.087,110.000,21905.000
92,87203,202002260026,872,10,0,12,211.300,90.300,82.000,25.989,2.457,260000.000,18514.000,0.900,7.700,2.700,6.794,0.076,94.000,17187.000
92,87203,202002270027,872,9,0,14.6,172.500,97.100,194.000,28.022,3.379,280000.000,16338.000,1.100,6.800,1.400,4.998,0.055,64.000,16730.000
92,87203,202002280028,872,5,1.1,14.9,228.900,97.700,154.000,32.379,3.578,270000.000,14735.000,0.800,7.500,1.600,5.333,0.054,54.000,14019.000
92,87203,202002290029,872,10,0,15.5,306.600,137.600,146.000,27.485,3.527,260000.000,13812.000,0.900,8.500,1.900,9.228,0.054,60.000,12870.000
92,87301,202002010000,873,4.5,0,16.8,162.200,108.100,270.000,49.590,5.732,131000.000,9768.000,3.000,10.700,1.300,10.148,0.102,120.000,8731.000
92,87301,202002020000,873,5.4,0,16.5,172.400,114.900,280.000,52.797,5.919,137000.000,10090.000,3.400,11.100,1.200,8.595,0.068,180.000,9004.000
92,87301,202002030000,873,4.4,0,17.1,163.500,109.000,240.000,42.327,5.769,105000.000,9955.000,3.400,13.300,1.100,10.096,0.062,190.000,8942.000
92,87301,202002040000,873,3.5,0,18,228.000,152.000,250.000,48.355,5.506,116000.000,9589.000,3.500,10.300,1.100,9.644,0.098,160.000,8531.000
92,87301,202002050000,873,0.2,0,17,198.600,132.400,320.000,54.064,6.096,115000.000,9586.000,3.200,9.700,1.400,8.391,0.090,140.000,8483.000
92,87301,202002060000,873,-1,1,16.1,191.100,136.500,310.000,51.357,5.459,125000.000,9604.000,5.000,12.400,1.000,8.312,0.081,200.000,8391.000
92,87301,202002070000,873,2.8,0,17.6,165.800,118.400,270.000,46.954,5.789,129000.000,10535.000,4.100,11.100,1.500,8.081,0.088,150.000,9309.000
92,87301,202002080000,873,3.5,0,16.8,172.300,123.100,230.000,42.162,6.155,109000.000,11016.000,4.500,9.400,1.400,8.789,0.065,190.000,9845.000
92,87301,202002090000,873,3.3,0,15.8,188.300,134.500,310.000,45.796,5.424,148000.000,11239.000,4.800,9.800,1.000,9.647,0.068,180.000,10053.000
92,87301,202002100000,873,5.6,0,17,198.100,141.500,320.000,42.256,5.395,133000.000,10804.000,3.400,9.400,1.100,8.542,0.076,110.000,9693.000
92,87301,202002110000,873,8.2,0,17.5,204.800,146.300,240.000,43.142,5.810,130000.000,10581.000,3.700,10.900,1.500,8.981,0.091,170.000,9480.000
92,87301,202002120000,873,10.1,6.6,17.5,169.300,120.900,320.000,51.158,6.001,106000.000,11466.000,4.100,13.500,1.200,9.223,0.065,130.000,10432.000
92,87301,202002130000,873,12.3,0,17.8,166.300,118.800,220.000,53.249,5.626,142000.000,11035.000,3.600,10.800,1.000,8.809,0.062,180.000,10135.000
92,87301,202002140000,873,10.9,0,18.1,156.000,111.400,210.000,55.010,6.145,126000.000,10643.000,4.300,13.200,1.000,8.365,0.061,190.000,9726.000
92,87301,202002150000,873,12.3,0,18,202.000,144.300,270.000,48.877,5.693,135000.000,10333.000,3.100,13.400,1.000,9.506,0.097,200.000,9452.000
92,87301,202002160000,873,6,1.8,18.1,199.200,124.500,270.000,56.369,6.155,146000.000,10577.000,4.000,13.100,1.100,10.424,0.098,110.000,9494.000
92,87301,202002170000,873,-0.6,0,16.8,213.300,133.300,320.000,54.208,5.335,113000.000,9712.000,3.300,10.700,1.500,10.125,0.072,100.000,8456.000
92,87301,202002180000,873,0.6,0,17,238.100,148.800,230.000,51.550,5.682,125000.000,9744.000,4.100,11.000,1.000,10.991,0.105,200.000,8584.000
92,87301,202002190000,873,5.2,0,16.8,197.800,123.600,270.000,53.420,6.989,148000.000,9957.000,4.900,10.600,1.000,8.418,0.091,150.000,8895.000
92,87301,202002200000,873,7.3,0,17.2,213.800,133.600,310.000,56.894,6.197,109000.000,10000.000,4.300,8.700,1.200,8.180,0.064,190.000,9105.000
92,87301,202002210000,873,10.1,0,17,215.200,134.500,290.000,49.163,6.184,114000.000,9542.000,3.200,11.400,1.500,9.338,0.087,120.000,8617.000
92,87301,202002220000,873,9.3,0.1,17,180.600,112.900,270.000,54.432,6.061,124000.000,9956.000,3.300,13.200,1.500,8.371,0.078,140.000,8983.000
92,87301,202002230000,873,5.8,0,16.3,186.000,124.000,280.000,56.929,6.136,102000.000,10082.000,4.400,9.600,1.100,10.526,0.070,190.000,9030.000
92,87301,202002240000,873,11.1,0,17.3,178.500,119.000,270.000,48.572,6.027,111000.000,9950.000,3.000,12.100,1.100,10.487,0.064,170.000,8960.000
92,87301,202002250000,873,8.2,46.9,17.3,179.400,119.600,200.000,56.123,6.164,139000.000,14191.000,4.800,9.500,1.300,10.019,0.089,130.000,13254.000
92,87301,202002260000,873,8,2.9,17.5,170.300,113.500,300.000,57.684,6.117,114000.000,11616.000,4.000,13.500,1.400,10.596,0.089,130.000,10476.000
92,87301,202002270000,873,5,0.2,17.5,152.100,101.800,220.000,49.769,6.123,140000.000,9657.000,4.600,12.500,1.100,10.119,0.084,170.000,9658.000
92,87301,202002280000,873,4.9,0.4,17,223.500,149.000,230.000,49.349,5.447,114000.000,9920.000,3.200,9.700,1.100,8.706,0.093,150.000,8769.000
92,87301,202002290000,873,7.2,0,16.4,152.700,101.800,220.000,49.769,6.123,140000.000,11092.000,3.200,11.100,1.000,10.945,0.069,190.000,10679.000
92,88001,202002010000,880,5.6,0,12.7,104.800,72.400,161.300,32.265,3.314,200000.000,77400.000,7.900,7.900,3.800,11.164,0.104,190.000,73830.000
92,88001,202002020000,880,7.1,0,14,106.200,71.800,162.500,34.733,3.433,190000.000,74810.000,7.800,6.400,3.800,13.271,0.066,190.000,70270.000
92,88001,202002030000,880,8.3,0,16.2,98.800,63.800,153.000,34.116,3.577,200000.000,69690.000,8.000,6.600,4.100,12.424,0.096,190.000,65770.000
92,88001,202002040000,880,6.3,0,14.5,99.200,66.800,155.000,35.169,4.035,210000.000,65820.000,8.000,6.700,3.700,12.295,0.074,200.000,61690.000
92,88001,202002050000,880,17.8,0,17.9,101.000,68.800,158.000,36.204,3.559,220000.000,69410.000,8.100,8.600,4.300,12.971,0.149,200.000,65850.000
92,88001,202002060000,880,5.5,0,15.8,92.400,67.600,152.000,35.864,3.863,210000.000,65510.000,7.800,6.400,3.800,11.173,0.073,200.000,61590.000
92,88001,202002070000,880,10.4,0,12.9,92.800,61.800,164.000,36.079,3.714,200000.000,71440.000,7.900,7.300,4.200,11.376,0.092,190.000,68290.000
92,88001,202002080000,880,4.1,0,13,98.000,63.600,163.800,35.865,3.451,210000.000,78860.000,7.900,7.300,3.600,12.969,0.072,200.000,76560.000
92,88001,202002090000,880,3.8,0,13.2,107.400,70.000,165.000,34.880,3.426,220000.000,71650.000,8.000,9.300,5.700,12.302,0.094,210.000,67750.000
92,88001,202002100000,880,11.8,0,13.6,104.000,70.200,159.000,34.431,3.746,200000.000,70710.000,8.100,12.300,3.600,10.727,0.066,200.000,66970.000
92,88001,202002110000,880,13.5,0,14.2,104.200,76.600,130.000,34.684,3.637,200000.000,64610.000,8.200,14.200,4.000,12.332,0.095,190.000,61290.000
92,88001,202002120000,880,11.6,32.7,13.6,99.400,67.000,142.000,33.493,3.494,190000.000,91230.000,8.200,18.900,3.800,12.889,0.071,180.000,90360.000
92,88001,202002130000,880,15,0,14.3,80.000,57.400,131.000,26.203,2.876,170000.000,99260.000,7.600,4.900,3.800,9.745,0.094,160.000,98590.000
92,88001,202002140000,880,16.8,0,14.1,100.400,76.600,140.000,28.945,2.907,180000.000,90610.000,8.100,7.600,3.400,9.112,0.215,180.000,88280.000
92,88001,202002150000,880,12.8,0,14.2,99.900,67.200,160.000,34.656,3.316,190000.000,83630.000,7.800,6.900,3.800,9.198,0.055,180.000,81120.000
92,88001,202002160000,880,7,4.1,10.2,100.500,66.200,157.500,35.246,3.485,200000.000,87150.000,7.900,6.400,3.500,12.243,0.084,190.000,85820.000
92,88001,202002170000,880,2.1,0,13.5,109.400,73.800,156.000,35.190,3.990,210000.000,77420.000,7.900,7.500,4.300,12.130,0.109,200.000,74870.000
92,88001,202002180000,880,13.8,0,12.6,92.200,71.000,151.000,33.250,3.367,200000.000,75150.000,7.800,6.700,3.400,11.269,0.075,190.000,72820.000
92,88001,202002190000,880,10.2,0,13.9,93.400,73.400,159.000,34.093,3.485,200000.000,72190.000,7.900,6.800,3.900,12.401,0.122,200.000,69420.000
92,88001,202002200000,880,9.8,0,14.2,104.600,72.600,152.000,32.856,3.519,210000.000,73710.000,8.000,7.100,3.800,10.798,0.094,200.000,71260.000
92,88001,202002210000,880,13.2,4.1,14.4,101.800,73.000,148.000,33.682,4.215,210000.000,67450.000,8.100,7.000,4.300,12.107,0.089,190.000,64510.000
92,88001,202002220000,880,9.5,0.7,12.7,95.100,69.400,151.300,34.290,3.535,190000.000,81710.000,7.800,5.400,3.600,11.817,0.085,200.000,79520.000
92,88001,202002230000,880,6,0,14,100.800,67.000,153.800,35.049,3.460,200000.000,68410.000,7.900,7.400,3.800,12.982,0.093,180.000,65150.000
92,88001,202002240000,880,10.8,0,14.5,91.800,67.200,151.000,34.515,3.316,180000.000,69960.000,7.900,7.200,3.600,11.943,0.084,180.000,66780.000
92,88001,202002250000,880,8.6,49.8,14,96.800,75.800,134.000,30.185,2.853,170000.000,85600.000,8.000,8.000,4.300,14.593,0.085,160.000,83950.000
92,88001,202002260000,880,12.1,1.8,13.7,95.600,69.400,103.000,28.070,2.853,160000.000,94430.000,7.700,6.700,3.400,9.644,0.058,130.000,91780.000
92,88001,202002270000,880,8.2,1.5,13,90.000,59.400,91.000,27.874,2.651,130000.000,101860.000,7.500,3.300,4.000,8.109,0.085,120.000,98330.000
92,88001,202002280000,880,6.5,0.2,12.4,93.000,60.400,118.000,30.862,2.847,150000.000,95010.000,7.800,4.800,3.400,9.311,0.056,130.000,92950.000
92,88001,202002290000,880,9.3,0,12.2,94.500,61.400,130.000,31.338,3.401,170000.000,97210.000,8.900,5.200,3.900,14.368,0.092,150.000,95264.000
93,90001,202002010000,900,3,0,16.4,556.200,156.200,460.000,37.532,5.243,280000.000,190807.000,14.300,17.900,11.700,7.165,0.395,140.000,188920.000
93,90001,202002020000,900,3,0,13,415.900,158.200,400.000,29.087,5.371,260000.000,171939.000,12.500,17.700,11.300,6.177,0.296,500.000,188920.000
93,90001,202002030000,900,-1,0,14.6,300.400,188.600,360.000,32.012,5.243,360000.000,174681.000,10.100,18.100,11.300,7.088,0.287,140.000,188920.000
93,90001,202002040000,900,-2,0,15.5,256.200,161.800,750.000,44.992,9.109,280000.000,203922.000,10.400,19.500,8.000,6.839,0.210,110.000,188920.000
93,90001,202002050000,900,-9,0,15.4,279.100,169.400,600.000,59.454,11.518,300000.000,206888.000,10.400,18.700,7.300,7.509,0.222,140.000,188920.000
93,90001,202002060000,900,-8,0,14.9,206.300,167.800,690.000,66.333,16.008,370000.000,213613.000,8.500,18.200,10.700,8.198,0.259,180.000,188920.000
93,90001,202002070000,900,-4,0,15.2,275.200,181.400,640.000,38.989,8.273,370000.000,201510.000,4.800,18.000,8.300,6.331,0.185,120.000,188920.000
93,90001,202002080000,900,-4,0,14.6,550.700,166.200,1110.000,49.683,9.555,310000.000,140361.000,10.400,17.900,7.000,7.050,0.175,150.000,188920.000
93,90001,202002090000,900,2,0,14.8,349.200,193.000,750.000,44.172,12.010,280000.000,134072.000,11.700,17.900,7.700,6.731,0.153,170.000,188920.000
93,90001,202002100000,900,4,0,15.5,571.300,349.500,1000.000,58.784,13.443,380000.000,140318.000,10.800,18.000,7.000,8.165,0.310,180.000,188920.000
93,90001,202002110000,900,5,0,15.4,315.000,179.400,560.000,57.865,8.575,280000.000,188005.000,7.300,18.000,7.000,7.210,0.243,160.000,188920.000
93,90001,202002120000,900,8,0,16.5,600.600,325.100,940.000,45.819,7.981,360000.000,160420.000,11.200,19.100,10.700,7.772,0.321,160.000,188920.000
93,90001,202002130000,900,7,0,17.2,369.700,146.100,500.000,38.996,8.362,260000.000,147566.000,9.900,16.900,8.300,7.140,0.216,240.000,188920.000
93,90001,202002140000,900,4,0,16.2,458.900,219.800,740.000,56.839,11.426,280000.000,151196.000,14.700,18.300,8.000,7.119,0.254,220.000,188920.000
93,90001,202002150000,900,12,0,16.8,535.000,223.800,670.000,43.575,11.042,310000.000,135054.000,17.400,17.900,12.000,6.798,0.286,350.000,188920.000
93,90001,202002160000,900,3,0,14.4,327.600,210.600,300.000,26.647,5.112,340000.000,154506.000,14.700,18.000,6.700,7.156,0.275,280.000,188920.000
93,90001,202002170000,900,-6,0,14.7,381.900,221.400,1110.000,60.569,13.941,280000.000,144196.000,12.500,17.800,8.300,6.515,0.207,240.000,188920.000
93,90001,202002180000,900,-5,0,14.5,490.200,174.200,400.000,43.977,4.827,370000.000,167649.000,10.900,18.400,8.300,6.942,0.127,120.000,188920.000
93,90001,202002190000,900,0,0,15.5,499.600,220.600,1090.000,56.318,15.826,280000.000,165012.000,12.700,20.100,9.300,7.585,0.297,140.000,188920.000
93,90001,202002200000,900,3,0,16.1,479.700,205.400,490.000,45.467,8.176,380000.000,155746.000,16.300,19.400,7.700,8.318,0.257,190.000,188920.000
93,90001,202002210000,900,4,0,16.4,379.700,168.200,360.000,34.972,4.944,310000.000,159520.000,16.800,18.000,8.900,7.208,0.281,300.000,188920.000
93,90001,202002220000,900,5,0,16.7,374.100,201.400,770.000,49.775,7.221,430000.000,144792.000,16.800,17.100,11.000,6.613,0.266,280.000,188920.000
93,90001,202002230000,900,5,0,16.8,219.800,219.800,630.000,48.793,7.194,260000.000,131935.000,11.200,16.900,9.000,6.730,0.264,380.000,188920.000
93,90001,202002240000,900,6,0,16.7,361.000,211.400,440.000,38.602,7.144,310000.000,136980.000,4.100,17.300,9.000,7.197,0.240,140.000,188920.000
93,90001,202002250000,900,6,0,15.6,391.800,198.600,275.000,34.257,5.248,400000.000,201328.000,7.600,18.200,9.700,7.401,0.269,230.000,188920.000
93,90001,202002260000,900,6,0,16.9,247.400,166.600,320.000,30.315,4.448,340000.000,168861.000,11.600,17.900,10.300,6.348,0.358,260.000,188920.000
93,90001,202002270000,900,8,0,16.8,407.200,267.100,120.000,24.149,6.947,370000.000,162652.000,9.600,17.500,5.700,5.796,0.217,210.000,188920.000
93,90001,202002280000,900,6,0,17.1,362.900,254.700,660.000,48.007,10.020,310000.000,161100.000,9.400,16.200,8.000,6.294,0.306,260.000,188920.000
93,90001,202002290000,900,5,0,16.3,444.800,225.800,520.000,41.248,7.750,280000.000,142538.000,15.700,16.800,10.000,6.401,0.194,300.000,188920.000
93,90002,202002010000,900,3,0,16.7,210.600,160.100,207.500,69.174,7.520,330000.000,4418.000,0.900,9.300,2.700,2.435,0.395,240.000,3784.000
93,90002,202002020000,900,1.4,0,16.5,294.600,152.800,145.000,120.859,4.310,308000.000,4531.000,3.200,10.000,2.300,1.776,0.200,110.000,4100.000
93,90002,202002030000,900,-0.3,0,16.3,350.400,159.600,195.000,121.811,7.535,330000.000,4484.000,4.000,9.600,2.900,1.588,0.341,70.000,3703.000
93,90002,202002040000,900,-1.3,0.9,16.1,457.200,154.800,242.500,54.734,6.760,264000.000,4486.000,4.000,10.200,3.700,1.656,0.241,70.000,4528.000
93,90002,202002050000,900,-8.1,0,16,269.500,241.200,135.000,45.820,6.535,506000.000,4395.000,2.000,10.300,1.800,1.243,0.405,130.000,4414.000
93,90002,202002060000,900,-6.6,0,15.9,202.800,150.800,180.000,71.006,6.020,286000.000,4114.000,2.400,9.800,2.200,1.783,0.298,40.000,3239.000
93,90002,202002070000,900,-1.4,0,15.7,341.400,141.200,235.000,55.537,6.625,264000.000,4239.000,3.200,9.400,2.500,1.804,0.358,70.000,3796.000
93,90002,202002080000,900,0.1,0,15.6,145.200,159.600,87.500,58.032,7.121,264000.000,4229.000,1.100,9.700,2.800,1.614,0.396,90.000,3851.000
93,90002,202002090000,900,0.4,0,15.7,382.800,155.600,170.000,61.700,7.459,132000.000,4216.000,4.000,10.200,2.700,1.493,0.417,90.000,3839.000
93,90002,202002100000,900,4.1,0,16.2,425.400,206.000,260.000,57.888,6.720,154000.000,4700.000,5.900,11.400,2.700,3.294,0.599,220.000,4273.000
93,90002,202002110000,900,7.2,0,16,234.600,161.600,155.000,57.658,6.886,198000.000,4255.000,2.800,10.000,3.100,3.324,0.512,110.000,3937.000
93,90002,202002120000,900,7.3,5.9,16.4,367.200,137.200,210.000,69.406,7.571,264000.000,4795.000,4.600,9.000,2.600,2.302,0.337,180.000,3265.000
93,90002,202002130000,900,8.5,0,16.7,319.800,135.200,212.500,51.563,6.668,220000.000,4459.000,2.700,10.100,2.400,1.687,0.291,150.000,4198.000
93,90002,202002140000,900,7.1,0,17,346.200,126.000,132.500,73.140,6.851,220000.000,4392.000,4.400,10.100,2.400,2.399,0.220,150.000,4005.000
93,90002,202002150000,900,8.1,3.8,16.8,370.200,117.000,100.000,31.814,3.784,264000.000,4270.000,7.800,11.300,3.400,2.257,0.433,290.000,3684.000
93,90002,202002160000,900,-1.3,10.2,16.5,388.200,130.400,82.500,35.852,3.026,286000.000,4758.000,8.500,11.100,1.400,3.026,0.400,200.000,4289.000
93,90002,202002170000,900,-5.4,0.1,13.7,501.000,133.200,92.500,47.966,6.246,110000.000,4477.000,6.100,11.400,3.600,2.853,0.643,200.000,4182.000
93,90002,202002180000,900,-3.4,0,15.6,326.400,135.600,192.500,8.186,7.559,176000.000,4547.000,3.400,10.400,2.500,0.734,0.438,110.000,3945.000
93,90002,202002190000,900,1.9,0,16.3,318.000,153.200,175.000,62.487,7.579,286000.000,4280.000,3.800,10.000,3.300,2.308,0.469,150.000,3775.000
93,90002,202002200000,900,4.5,0,16.9,334.200,140.800,225.000,51.787,6.580,242000.000,4825.000,5.000,10.400,2.700,1.908,0.348,200.000,4124.000
93,90002,202002210000,900,6.6,5.8,16.9,243.000,131.600,127.500,60.659,7.289,286000.000,4293.000,4.700,10.800,2.400,2.168,0.419,180.000,3971.000
93,90002,202002220000,900,4,1.1,16.6,240.600,105.600,162.500,40.639,5.151,264000.000,4798.000,3.600,8.900,3.300,4.170,0.708,200.000,4121.000
93,90002,202002230000,900,3.2,0,15.7,360.000,88.000,102.500,36.160,3.397,242000.000,4945.000,3.800,10.200,3.600,5.215,0.609,220.000,4342.000
93,90002,202002240000,900,6.8,0,17.3,391.200,112.400,142.500,52.285,6.387,198000.000,4467.000,7.500,9.800,3.600,4.898,0.786,150.000,3999.000
93,90002,202002250000,900,7,17.5,15.9,398.400,136.400,260.000,17.173,5.416,220000.000,4649.000,7.400,12.200,3.800,2.359,0.525,180.000,4216.000
93,90002,202002260000,900,6,0,17.2,298.800,144.000,227.500,67.003,5.536,264000.000,4769.000,7.900,10.200,4.100,2.430,0.515,260.000,4257.000
93,90002,202002270000,900,5.2,0,16,285.600,138.800,192.500,65.326,7.370,220000.000,4403.000,4.500,10.000,3.700,2.383,0.467,110.000,4002.000
93,90002,202002280000,900,4.3,4.1,17.2,253.800,130.800,230.000,69.062,7.409,220000.000,4403.000,3.700,10.000,3.700,3.725,0.587,90.000,3968.000
93,90002,202002290000,900,6.2,0.3,16.8,308.400,87.200,107.500,36.169,2.284,132000.000,4417.000,7.300,11.500,2.600,4.193,0.282,90.000,4146.000
99,99101,202002250000,991,1,1,1,0.100,0.100,0,0,0,0,0,0,0,0,0,0,0,0
